[{"title":"语音合成","icon":"fa-microphone","labelWidth":"100px","content":[{"type":"switch","label":"启用","value":"","name":"baidu_ai_audio_enable","gear_name":"","gear_value":""},{"type":"slider","label":" 语速","value":0,"min":0,"max":15,"step":1,"name":"baidu_ai_audio_spd","decoration":"默认：5中语速","gear_name":"baidu_ai_audio_enable","gear_value":"checked"},{"type":"slider","label":"音调","value":0,"min":0,"max":15,"step":1,"name":"baidu_ai_audio_pit","decoration":"默认：5中语速","gear_name":"baidu_ai_audio_enable","gear_value":"checked"},{"type":"select","label":"人声选择","value":"","selects":[{"label":"普通女声","value":"0","description":"默认"},{"label":"普通男声","value":"1","description":""},{"label":"情感合成-度逍遥","value":"3","description":""},{"label":"情感合成-度丫丫","value":"4","description":""}],"name":"baidu_ai_audio_per","decoration":"","gear_name":"baidu_ai_audio_enable","gear_value":"checked"}],"gear_name":"","gear_value":""}]