[{"title":"常规","icon":"fa-gear","labelWidth":"130px","content":[{"type":"uploader","label":"站点LOGO","value":"","showImage":true,"name":"logo","decoration":""},{"type":"input","label":"标题分割线","value":"","placeholder":"默认：|","name":"title_sep","decoration":"","gear_name":"","gear_value":""},{"label":"favicon","decoration":"请在：“外观/自定义/站点身份/站点图标”上传图片，将自动生成favicon和苹果设备的显示图标","value":""},{"type":"input","label":"版权文本","value":"","placeholder":"如：©2018 版权所有","name":"footer版权文本","decoration":""},{"type":"multitypes","label":"备案显示","subLabel":"备案信息","subLabelWidth":"100px","displayAsTable":true,"types":[{"type":"uploader","showImage":true,"name":"image","label":"图标"},{"type":"input","placeholder":"请输入...","name":"number","label":"备案号"},{"type":"input","placeholder":"http://","name":"href","label":"链接地址"}],"value":[],"name":"cn_record","gear_name":"","gear_value":""},{"type":"switch","label":"备案分行显示","value":"","name":"cn_record_breakline","gear_name":"","gear_value":""},{"label":"<span class=\"form_decoration\" style=\"font-weight:bold;padding-left:10px;border-left:3px solid currentColor;\">简单SEO</span>","decoration":"","gear_name":"","gear_value":"","value":""},{"type":"switch","label":"启用简单SEO","value":"","name":"enable_meta_seo","gear_name":"","gear_value":"","decoration":"使用meta标签的keywords和description来帮助搜索引擎收录文章<br>\n！！！主题仅提供非常简单的SEO功能，若在意SEO，请关闭此选项后使用第三方插件实现！！！"},{"type":"input","label":"关键词","value":"","placeholder":"请输入站点关键词...","name":"seo_site_keywords","decoration":"","gear_name":"enable_meta_seo","gear_value":"checked"},{"type":"input","label":"描述","value":"","placeholder":"请用自然语言描述站点内容...","name":"seo_site_description","decoration":"","gear_name":"enable_meta_seo","gear_value":"checked"},{"label":"<span class=\"form_decoration\" style=\"font-weight:bold;padding-left:10px;border-left:3px solid currentColor;\">数据</span>","decoration":"","value":""},{"type":"uploadData","label":"导入","decoration":"上传本主题导出的设置数据，其他数据无效","value":""},{"type":"downloadData","label":"导出","decoration":"此操作仅下载服务器上的主题配置数据。若您的数据未保存至服务器，请保存后再导出","value":""},{"type":"clearData","label":"重置","decoration":"清除主题选项","value":""}]},{"title":"通用","icon":"fa-dashboard","labelWidth":"130px","content":[{"label":"<span class=\"form_decoration\" style=\"font-weight:bold;padding-left:10px;border-left:3px solid currentColor;\">滚动图通用设置</span>","decoration":"","gear_name":"","gear_value":"","value":""},{"type":"inputNumber","label":"自动切换时间","value":0,"min":0,"max":100000,"step":1000,"name":"carousels_interval_time","decoration":"单位：毫秒（1秒=1000毫秒），设置为0则不自动切换","gear_name":"","gear_value":""},{"type":"switch","label":"悬停停止切换","value":"","name":"carousels_hover_disable_interval","gear_name":"","gear_value":"","decoration":"启用后，鼠标悬停时，不自动切换"},{"type":"switch","label":"显示锚点位置","value":"","name":"carousels_show_anchor","gear_name":"","gear_value":"","decoration":"启用后，可显示当前第几页"},{"type":"switch","label":"允许键盘滚动","value":"","name":"carousels_allow_keyboard","gear_name":"","gear_value":"","decoration":"启用后，可使用键盘左右键切换"},{"type":"switch","label":"允许滑动切换","value":"","name":"carousels_allow_swipe","gear_name":"","gear_value":"","decoration":"禁用后，手机上将无法滑动切换"},{"label":"<span class=\"form_decoration\" style=\"font-weight:bold;padding-left:10px;border-left:3px solid currentColor;\">边栏通用设置</span>","decoration":"","gear_name":"","gear_value":"","value":""},{"type":"multitypes","label":" 边栏数量","subLabel":"边栏","subLabelWidth":"100px","displayAsTable":true,"types":[{"type":"input","placeholder":"请输入...","name":"name","label":"标题"},{"type":"input","placeholder":"FontAwesome5","name":"icon","label":"图标"},{"type":"select","selects":[{"label":"首页","value":"home","description":""},{"label":"文章内容页","value":"single","description":""},{"label":"分类页","value":"archive","description":""},{"label":"页面","value":"page","description":""}],"name":"show_on","label":"显示在","multiple":true}],"value":[],"name":"sidebars","gear_name":"","gear_value":"","decoration":"1、图标请从<a target=\"_blank\" href=\"https://fontawesome.com/icons\">FontAwesome5</a>图标中选择，复制&lt;i&gt;标签即可，如：&lt;i class=&quot;fab fa-apple&quot;&gt;&lt;/i&gt;</li><br>\n2、对边栏的排序仅改变边栏名称与图标。内部的小工具顺序及位置请前往“外观/小工具”进行调整<br>\n3、新增边栏后，若页面未显示“外观/小工具”菜单，请刷新页面后再试。在此处清空边栏（数量为0）将不再显示“外观/小工具”菜单<br>\n注：由于此图标库实时更新，若选择的图标太新，则可能不显示。此时请联系主题开发者更新主题内的图标库<br>\n4、为了更好地让搜索引擎索引，因此边栏的任何数据都不会被搜索引擎。边栏内容被伪装成脚本进行加载。故，边栏中若自定义HTML，请不要再次出现script标签，若需要，则务必将尖括号转义，可写为%3cscript%3e<br>\n左侧尖括号的转移符为：%3c<br>\n右侧尖括号的转移符为：%3e<br>"},{"label":"<span class=\"form_decoration\" style=\"font-weight:bold;padding-left:10px;border-left:3px solid currentColor;\">分类通用显示</span>","decoration":"控制“Coverflow滚动图”、“文章内容顶部”的分类显示","gear_name":"","gear_value":"","value":""},{"type":"switch","label":"完整分类","value":"","name":"show_full_category","gear_name":"","gear_value":"","decoration":"默认只显示文章第一个分类，启用后显示全部分类"},{"type":"input","label":"分隔符","value":"","placeholder":"请输入...","name":"show_full_category_separate","decoration":"多个分类的分隔符，默认是斜杠：/","gear_name":"show_full_category","gear_value":"checked"},{"label":"<span class=\"form_decoration\" style=\"font-weight:bold;padding-left:10px;border-left:3px solid currentColor;\">Ajax页面加载</span>","decoration":"","gear_name":"","gear_value":"","value":""},{"type":"switch","label":"全站不刷新加载","value":"","name":"enable_pageLoader","gear_name":"","gear_value":"","decoration":"！！！对于第三方插件使用脚本修改Html的插件将失效，请斟酌后开启！！！<br>\n给有代码修改能力的用户，提供了一个接口来解决上述问题：可使用JS钩子在Ajax加载完成后页面重新渲染时同时调用代码：<br>\nadd_action(\"ajax_render_complete\",function() {\n    console.log('加载完成');\n})<br>\n更多JS钩子及详情请参考主题压缩包内的《JS钩子.doc》文件"},{"type":"switch","label":"强制缓存","value":"","name":"ajax_forceCache","gear_name":"enable_pageLoader","gear_value":"checked","decoration":"启用后，用户在前台打开过的页面将进入浏览器缓存，再次打开同一页面时可提高页面加载速度。但显示的点赞状态、评论数量等都将使用缓存，数据与服务器可能存在不同步现象"},{"label":"<span class=\"form_decoration\" style=\"font-weight:bold;padding-left:10px;border-left:3px solid currentColor;\">文章列表显示</span>","decoration":"","gear_name":"","gear_value":"","value":""},{"type":"switch","label":"瀑布流","value":"","name":"enable_post_list_waterfall","gear_name":"","gear_value":"","decoration":"启用后，任何文章列表的“卡片”都将使用“瀑布流”样式。取决于特色图片尺寸、文章标题长度"}],"gear_name":"","gear_value":""},{"title":"首页","icon":"fa-desktop","labelWidth":"130px","content":[{"label":"<span class=\"form_decoration\" style=\"font-weight:bold;padding-left:10px;border-left:3px solid currentColor;\">滚动图</span>","decoration":"","gear_name":"","gear_value":"","value":""},{"type":"select","label":"滚动图显示风格","value":"","selects":[{"label":"苹果Coverflow","value":"coverflow","description":"使用“特色图片”"},{"label":"苹果Coverflow-全宽","value":"coverflow-full","description":"使用“特色图片”"},{"label":"滚动图片","value":"imageflow","description":"使用“滚动图片”"},{"label":"滚动图片-全宽","value":"imageflow-full","description":"使用“滚动图片”"},{"label":"扁平","value":"coverflow-flat","description":"使用“特色图片”"},{"label":"扁平-全宽","value":"coverflow-flat-full","description":"使用“特色图片”"}],"name":"frontpage_carousels_type","decoration":"","gear_name":"","gear_value":""},{"type":"switch","label":"随机滚动文章","value":"","name":"headLine_random","decoration":"首页默认显示“自定义滚动文章”，启用后首页顶部显示全站随机文章。若需首页不显示，请先禁用，然后清空“自定义滚动文章”"},{"type":"multitypes","label":"自定义滚动文章","subLabel":"头条文章","subLabelWidth":"60px","displayAsTable":true,"types":[{"type":"singleSelect","name":"post","label":"文章"}],"value":[],"name":"headLine","decoration":"关闭“随机滚动文章”后生效。要使滚动文章显示图片，必须在对应的“文章编辑页”中添加“滚动图片”","gear_name":"headLine_random","gear_value":""},{"type":"inputNumber","label":"“最新文章”数量","value":0,"min":1,"max":99,"step":1,"name":"newest_num","decoration":"","gear_name":"index_newest","gear_value":"checked"},{"type":"input","label":"“最新文章”文本","value":"","placeholder":"如：最新文章","name":"newest_text","decoration":"","gear_name":"index_newest","gear_value":"checked"},{"type":"input","label":"“全部文章”地址","value":"","placeholder":"所有分类文章地址","name":"index_time_url","decoration":"新建“页面”，选择“全部文章时间排序”。将页面地址填写在此处","gear_name":"index_newest","gear_value":"checked"},{"label":"<span class=\"form_decoration\" style=\"font-weight:bold;padding-left:10px;border-left:3px solid currentColor;\">首页文章</span>","decoration":"首页文章由“最新文章”、“点赞最多”、“评论最多”、“随机推荐”4部分组成，除“最新文章”外，其余混合显示","gear_name":"","gear_value":"","value":""},{"type":"categoriesSelect","label":"排除分类","value":"","name":"index_newes_exclude","decoration":"对“随机滚动图”及“首页文章”同时有效","gear_name":"","gear_value":""},{"type":"radio","label":"“全部文章”形式","value":"","radios":[{"label":"列表显示","value":"list"},{"label":"卡片显示","value":"card"},{"label":"博客显示","value":""}],"name":"all_posts_display_type","decoration":"","gear_name":"index_newest","gear_value":"checked"},{"type":"radio","label":"默认样式","value":"","radios":[{"label":"卡片","value":"cards"},{"label":"列表","value":""}],"name":"frontpage_postlist_type","decoration":"","gear_name":"","gear_value":""},{"type":"inputNumber","label":"最新文章数量","value":0,"min":0,"max":24,"step":1,"name":"frontpage_postlist_newest_num","decoration":"","gear_name":"","gear_value":""},{"type":"inputNumber","label":"点赞最多数量","value":0,"min":0,"max":24,"step":1,"name":"frontpage_postlist_like_num","decoration":"","gear_name":"","gear_value":""},{"type":"inputNumber","label":"评论最多数量","value":0,"min":0,"max":24,"step":1,"name":"frontpage_postlist_comment_num","decoration":"","gear_name":"","gear_value":""},{"type":"inputNumber","label":"随机推荐数量","value":0,"min":0,"max":24,"step":1,"name":"frontpage_postlist_random_num","decoration":"","gear_name":"","gear_value":""},{"type":"input","label":"“阅读更多”文本","value":"","placeholder":"如：阅读更多，此文本将与“分组显示”的“阅读更多”文本相同","name":"read_more_text","decoration":""},{"type":"input","label":"“阅读更多”链接","value":"","placeholder":"若不填写，则不显示","name":"index_time_url","decoration":"","gear_name":"","gear_value":""},{"type":"switch","label":"首页不显示边栏","value":"","name":"frontpage_hide_sidebar","gear_name":"","gear_value":""},{"label":"<span class=\"form_decoration\" style=\"font-weight:bold;padding-left:10px;border-left:3px solid currentColor;\">分组展示</span>","decoration":"","gear_name":"","gear_value":"","value":""},{"type":"multitypes","label":"文章分组","subLabel":"文章组","subLabelWidth":"100px","displayAsTable":true,"types":[{"type":"categoriesSelect","name":"cats","label":"文章分类"},{"type":"input","placeholder":"显示名称","name":"name","label":"分组名称"},{"type":"input","placeholder":"“阅读更多”文本","name":"more","label":"链接文本"},{"type":"input","placeholder":"http://“阅读更多”链接","name":"href","label":"分类链接"},{"type":"input","placeholder":"文章数量，留空则自动","name":"num","label":"显示数量"},{"type":"select","selects":[{"label":"列表显示","value":"lists","description":""},{"label":"卡片显示","value":"cards","description":""}],"name":"type","label":"显示形式"}],"value":[],"name":"index_group","decoration":"将一个（或多个）文章分类组合起来展示。注：<span style=\"color:red\">不推荐</span>同时展示多个分类<br>\n不得不选择多个分类时，在“阅读更多”的链接地址处应该以逗号来分开多个分类，如：<br>\n固定链接朴素：http://www.yourblog.com/category/cat1,cat2/<br>\n其它固定链接：http://www.yourblog.com/?cat=1,2"}]},{"title":"评论","icon":"fa-commenting-o","labelWidth":"130px","content":[{"type":"multitypes","label":"随机头像","subLabel":"头像","subLabelWidth":"100px","displayAsTable":true,"types":[{"type":"uploader","showImage":true,"name":"avatar","label":"头像地址"}],"value":[],"name":"random_avatar","decoration":"用户未在Gravatar网站拥有头像时，随机显示上述列表图案<br>\n为保证显示时不被拉伸失真，请保证头像大于40×40像素，长宽比1:1"},{"type":"input","label":"留言框提示","value":"","placeholder":"如：请留言","name":"comment_area_placeholder","decoration":""},{"type":"input","label":"“回复”按钮提示","value":"","placeholder":"如：回复","name":"comment_reply_tooltip","decoration":""},{"type":"input","label":"评论可见提示语","value":"","placeholder":"如：评论后可查看此区域内容","name":"need_reply_tip","decoration":"使用短代码将需要隐藏的内容包裹起来，如：[need_reply] 此处的内容仅评论可见 [/need_reply]","gear_name":"","gear_value":""},{"label":"评论表情","decoration":"将表情上传至WordPress主题文件夹的faces文件夹下即可自动启用：安装目录/wp-content/themes/reborn/faces/<br/>\n表情建议使用30~40像素左右的图片","gear_name":"","gear_value":"","value":""}]},{"title":"文章","icon":"fa-file-text-o","labelWidth":"130px","content":[{"label":"<span class=\"form_decoration\" style=\"font-weight:bold;padding-left:10px;border-left:3px solid currentColor;\">顶部标题样式</span>","decoration":"文章必须设置“特色图片”，默认使用特色图片背景模糊","gear_name":"","gear_value":"","value":""},{"type":"select","label":"已设置文章头图","value":"","selects":[{"label":"特色图片背景模糊","value":"single-coverflow","description":""},{"label":"特色图片背景模糊-全宽","value":"single-coverflow-full","description":""},{"label":"文章头图","value":"single-imageflow","description":""},{"label":"文章头图-全宽","value":"single-imageflow-full","description":""}],"name":"single_title_width_headImg_type","decoration":"","gear_name":"","gear_value":""},{"type":"select","label":"未设置文章头图","value":"","selects":[{"label":"特色图片背景模糊","value":"single-coverflow","description":""},{"label":"特色图片背景模糊-全宽","value":"single-coverflow-full","description":""}],"name":"single_title_widthout_headImg_type","decoration":"","gear_name":"","gear_value":""},{"type":"input","label":"文章目录提示","value":"","placeholder":"如：文章目录","name":"bookmark_tip","decoration":"仅文章有二级、三级标题时才在边栏中显示"},{"type":"switch","label":"分享按钮","value":"","name":"show_share_posts","gear_name":"","gear_value":"","decoration":""},{"type":"switch","label":"“相关文章”模块","value":"","name":"show_relate_posts","decoration":""},{"type":"switch","label":"不显示边栏","value":"","name":"is_single_post_hide_sidebar","gear_name":"","gear_value":""},{"label":"<span class=\"form_decoration\" style=\"font-weight:bold;padding-left:10px;border-left:3px solid currentColor;\">打赏</span>","decoration":"","gear_name":"","gear_value":"","value":""},{"label":"启用打赏","decoration":"请在每篇文章的设置中启用本文章的“打赏”，不提供全局开关","gear_name":"","gear_value":"","value":""},{"type":"input","label":"打赏标题","value":"","placeholder":"请输入...","name":"dashangTitle","decoration":"","gear_name":"","gear_value":""},{"type":"textarea","label":"文本内容","value":"","placeholder":"","name":"dashangText","decoration":"显示在二维码前面","gear_name":"","gear_value":"","rows":3},{"type":"multitypes","label":"二维码","subLabel":"二维码","subLabelWidth":"100px","displayAsTable":true,"types":[{"type":"input","placeholder":"如：支付宝","name":"name","label":"名称"},{"type":"uploader","showImage":true,"name":"qrcode","label":"二维码"},{"type":"input","placeholder":"填写此处后，将不再展示二维码，直接跳转","name":"href","label":"链接"}],"value":[],"name":"dashang_Imgs","gear_name":"","gear_value":""},{"label":"<span class=\"form_decoration\" style=\"font-weight:bold;padding-left:10px;border-left:3px solid currentColor;\">反采集与复制</span>","decoration":"","gear_name":"","gear_value":"","value":""},{"type":"switch","label":"启用","value":"","name":"anti_copy","gear_name":"","gear_value":"","decoration":"启用后，将在文章的随机位置添加【隐藏的】脏字符串（如版权信息）。对复制者网站产生干扰<br>\n* 试验性功能：请充分测试后使用"},{"type":"inputNumber","label":"随机添加次数","value":0,"min":0,"max":100,"step":5,"name":"anti_copy_times","decoration":"不要设置太大的数字，文章打开会非常卡","gear_name":"anti_copy","gear_value":"checked"},{"type":"multitypes","label":"脏字符串","subLabel":"随机字符","subLabelWidth":"100px","displayAsTable":true,"types":[{"type":"input","placeholder":"请不要输入符号等特殊字符如：</>","name":"pattern","label":"随机字符串"}],"value":[],"name":"anti_copy_pattern","gear_name":"anti_copy","gear_value":"checked"},{"type":"switch","label":"过滤搜索引擎","value":"","name":"anti_copy_pass_seo","gear_name":"anti_copy","gear_value":"checked","decoration":"启用后，搜索引擎不会获取到脏字符串。但对于伪装成搜索引擎的采集工具，也就无效了"},{"label":"<span class=\"form_decoration\" style=\"font-weight:bold;padding-left:10px;border-left:3px solid currentColor;\">文章编辑帮助</span>","decoration":"","value":""},{"label":"文章图像","decoration":"为保证最好的显示效果，本主题的文章应包含以下3种文章图像：<br>\n<b>1、特色图片：</b>WordPress默认文章图像。用于首页“最新文章”以及“列表/卡片”文章展示模式，建议尺寸：512×458px。（<span style=\"color:red\">注：必须设置</span>）<br>\n<b>2、文章头图：</b>用于文章内容顶部图像，建议尺寸：1920×400px（不建议添加文案）（注：可不设置）<br>\n<b>3、滚动图片：</b>用于滚动图片的“滚动图片风格”，建议尺寸：1920×400px（建议添加少量文案）（注：若使用Coverflow风格可不设置）<br>","value":""},{"label":"Wiki目录","decoration":"Wiki目录是本主题自动给您的文章创建的导航，就像百度百科(或维基百科)边栏的导航条一样。点击目录可以滚动到文章的指定位置。此模式无需手动启用，当您在文章中使用二级标题（h2）或三级标题（h3）时，这些标题将由主题自动识别为文章目录并浮动显示在边栏的导航部分。","value":""}]},{"title":"文章分类","icon":"fa-folder-o","labelWidth":"130px","content":[{"label":"<span class=\"form_decoration\" style=\"font-weight:bold;padding-left:10px;border-left:3px solid currentColor;\">滚动图</span>","decoration":"","gear_name":"","gear_value":"","value":""},{"type":"switch","label":"禁用滚动图","value":"","name":"disable_cat_carousels","decoration":"启用此选项后分类页顶部不显示滚动文章"},{"type":"select","label":"滚动图显示风格","value":"","selects":[{"label":"苹果Coverflow","value":"coverflow","description":"使用“特色图片”"},{"label":"苹果Coverflow-全宽","value":"coverflow-full","description":"使用“特色图片”"},{"label":"滚动图片","value":"imageflow","description":"使用“滚动图片”"},{"label":"滚动图片-全宽","value":"imageflow-full","description":"使用“滚动图片”"}],"name":"category_carousels_type","decoration":"","gear_name":"disable_cat_carousels","gear_value":""},{"type":"multitypes","label":"固定分类文章","subLabel":"分类","subLabelWidth":"100px","displayAsTable":true,"types":[{"type":"categorySelect","name":"cat","label":"文章分类"},{"type":"singleSelect","name":"post","label":"文章"}],"value":[],"name":"fixed_cat_carousels","decoration":"分类页顶部默认显示本分类的随机文章，填写后，可固定指定分类的滚动图片为指定文章","gear_name":"disable_cat_carousels","gear_value":""},{"label":"<span class=\"form_decoration\" style=\"font-weight:bold;padding-left:10px;border-left:3px solid currentColor;\">分类页文章</span>","decoration":"","gear_name":"","gear_value":"","value":""},{"type":"multitypes","label":"文章展示形式","subLabel":"分类","subLabelWidth":"100px","displayAsTable":true,"types":[{"type":"categorySelect","name":"cat","label":"文章分类"},{"type":"select","selects":[{"label":"列表显示","value":"lists","description":""},{"label":"卡片显示","value":"cards","description":""}],"name":"type","label":"展示形式"}],"value":[],"name":"categorys_show_mode","decoration":"默认为“博客”展示，可在上面添加“分类形式”来修改"},{"type":"switch","label":"分类页不显示边栏","value":"","name":"category_hide_sidebar","gear_name":"","gear_value":""},{"label":"<span class=\"form_decoration\" style=\"font-weight:bold;padding-left:10px;border-left:3px solid currentColor;\">页码</span>","decoration":"","value":""},{"type":"switch","label":"单页隐藏分页","value":"","name":"hide_pagi_only_1","decoration":"当只有1页时，隐藏分页导航功能"}]},{"title":"相册","icon":"fa-photo","labelWidth":"130px","content":[{"type":"select","label":"相册封面","value":"","selects":[{"label":"相册第一张","value":"first","description":""},{"label":"相册最后一张","value":"last","description":""},{"label":"随机相册图片","value":"","description":"默认"}],"name":"gallery_thumbnail","decoration":""},{"type":"select","label":"显示风格","value":"","selects":[{"label":"背景（默认）","value":"gallery-imageflow","description":""},{"label":"背景（全宽）","value":"gallery-imageflow-full","description":""},{"label":"图片显示","value":"gallery-imgtag","description":"不支持图片比例，自动以最佳形式展现"}],"name":"single_gallery_type","decoration":"","gear_name":"","gear_value":""},{"type":"switch","label":"不显示边栏","value":"","name":"is_single_gallery_hide_sidebar","gear_name":"","gear_value":""},{"type":"colorPicker","label":"背景色","value":"","name":"gallery_background_color","showAlpha":true,"decoration":"","gear_name":"","gear_value":""},{"label":"<span class=\"form_decoration\" style=\"font-weight:bold;padding-left:10px;border-left:3px solid currentColor;\">边栏文本</span>","decoration":"","value":""},{"type":"input","label":"原图比例","value":"","placeholder":"如：保持原图比例","name":"sidebar_gallery_showBox_contain_tooltip","decoration":""},{"label":"<span class=\"form_decoration\" style=\"font-weight:bold;padding-left:10px;border-left:3px solid currentColor;\">相册分类</span>","decoration":"","gear_name":"","gear_value":"","value":""},{"type":"switch","label":"不显示边栏","value":"","name":"gallery_hide_sidebar","gear_name":"","gear_value":""}]},{"title":"下载","icon":"fa-arrow-circle-down","labelWidth":"130px","content":[{"type":"textarea","label":"回复可见提示","value":"","placeholder":"请认真评论后再下载...","name":"回复可见说明","decoration":""},{"type":"textarea","label":"版权提示","value":"","placeholder":"请输入...","name":"版权说明","decoration":""},{"label":"<span class=\"form_decoration\" style=\"font-weight:bold;padding-left:10px;border-left:3px solid currentColor;\">帮助</span>","decoration":"","value":""},{"label":"下载按钮形式","decoration":"直接下载：点击下载按钮显示上面的版权提示信息，同意后直接下载<br>\n回复可见：点击下载按钮后若用户未评论，则提示需评论的对话框。若用户已评论过，则显示为直接下载按钮","value":""},{"label":"按钮插入方法","decoration":"在文章编辑页面中点击：插入UI样式/下载按钮<br>\n注：“回复可见”的方式需在系统设置中强制评论填写电子邮件地址","value":""}]},{"title":"留言板","icon":"fa-pencil-square-o","labelWidth":"130px","content":[{"type":"input","label":"留言板地址","value":"","placeholder":"http://","name":"guestbook_href","decoration":"新建页面，启用页面的评论功能"},{"type":"input","label":"链接 / 提示","value":"","placeholder":"如：给我留言","name":"guestbook_tooltip","decoration":"任何指向此页面的链接或提示"}]},{"title":"404","icon":"fa-chain-broken","labelWidth":"130px","content":[{"type":"radio","label":"404页面框架","value":"","radios":[{"label":"包含框架","value":""},{"label":"空白","value":"blank"}],"name":"404_type","decoration":"","gear_name":"","gear_value":""},{"type":"uploader","label":"404页面图片","value":"","showImage":true,"name":"404页面图片","decoration":"","gear_name":"","gear_value":""},{"type":"colorPicker","label":"404页面背景色","value":"","name":"404_background","showAlpha":false,"decoration":"","gear_name":"404_type","gear_value":"blank"}]},{"title":"设计","icon":"fa-paint-brush","labelWidth":"130px","content":[{"type":"switch","label":"Play 字体","value":"","name":"design_font","decoration":"使用简约无衬线的<a href=\"https://fonts.google.com/specimen/Play\" target=\"_blank\" style=\"text-decoration:none;\"> Play </a>字体来显示页面上的英文、数字、符号。此字体由 Jonas Hecksher 设计"},{"type":"input","label":"边栏固定提示","value":"","placeholder":"如：边栏固定","name":"sidebar_fixed_switcher_tip","decoration":"","gear_name":"sidebar_fixed_switcher","gear_value":"checked"},{"type":"switch","label":"代码高亮","value":"","name":"enable_highlightjs","gear_name":"","gear_value":"","decoration":"文章内插入的pre标签自动重新渲染并高亮代码"},{"label":"<span class=\"form_decoration\" style=\"font-weight:bold;padding-left:10px;border-left:3px solid currentColor;\">右下角浮动功能</span>","decoration":"","gear_name":"","gear_value":"","value":""},{"type":"switch","label":"返回顶部","value":"","name":"enable_backToTop","gear_name":"","gear_value":""},{"type":"switch","label":"FAQ机器人","value":"","name":"enable_assistance","gear_name":"","gear_value":""},{"type":"inputNumber","label":"FAQ检索数量","value":0,"min":2,"max":100,"step":1,"name":"faq_showposts","decoration":"","gear_name":"enable_assistance","gear_value":"checked"},{"type":"input","label":"FAQ默认提示语","value":"","placeholder":"如：欢迎使用FAQ检索服务，请输入关键词开始检索","name":"faq_dafault_content","decoration":"","gear_name":"enable_assistance","gear_value":"checked"},{"type":"multitypes","label":"FAQ默认问题","subLabel":"FAQ默认问题","subLabelWidth":"","displayAsTable":true,"types":[{"type":"input","placeholder":"请确保此问题在FAQ模块中能够被检索到","name":"list","label":"问题"}],"value":[],"name":"faq_dafault_list","gear_name":"enable_assistance","gear_value":"checked"},{"type":"input","label":"FAQ找不到答案","value":"","placeholder":"无答案时，预留的显示内容，如：这类问题无法解答，请联系博主QQ（123456）","name":"faq_nodata","decoration":"","gear_name":"enable_assistance","gear_value":"checked"},{"type":"input","label":"FAQ随机列表","value":"","placeholder":"当用户输入此的内容时，将随机显示FAQ列表","name":"faq_show_rand_command","decoration":"","gear_name":"enable_assistance","gear_value":"checked"}]},{"title":"自定义","icon":"fa-cubes","labelWidth":"15px","content":[{"type":"radio","label":" ","value":"","radios":[{"label":"CSS","value":""},{"label":"Javascript","value":"js"},{"label":"function.php","value":"function"}],"name":"custom_code","decoration":"","gear_name":"","gear_value":""},{"type":"textarea","label":" ","value":"","placeholder":"div:before {content:\"Hello CSS\";}","name":"custom_css","decoration":"直接编写代码，无需 < style > 标签","gear_name":"custom_code","gear_value":"","rows":24},{"type":"textarea","label":" ","value":"","placeholder":"alert(\"Hello JS\");","name":"custom_javascript","decoration":"直接编写代码，无需 < script > 标签","gear_name":"custom_code","gear_value":"js","rows":24},{"label":" ","decoration":"要手动编写function.php请将您的代码编写在reBorn主题根目录下的“custom_function.php”，更新主题时，您可以不必更新此文件<br>\n注意：编写时，请避免直接在页面上echo文本，这样会造成后台设置页、文章Meta读取出错！","gear_name":"custom_code","gear_value":"function","value":""}],"gear_name":"","gear_value":""}]